[
  {
    "_id": "shrug",
    "content": "¯\\_(ツ)_/¯"
  },
  {
    "_id": "lenny",
    "content": "( ͡° ͜ʖ ͡°)"
  },
  {
    "_id": "raiseyourdongers",
    "content": "ヽ༼ຈل͜ຈ༽ﾉ Raise Your Dongers ヽ༼ຈل͜ຈ༽ﾉ"
  },
  {
    "_id": "praisehelix",
    "content": "つ ◕_◕ ༽つ PRAISE HELIX༼つ ◕_◕ ༽つ"
  },
  {
    "_id": "goodshit",
    "content": "👌👀👌👀👌👀👌👀👌👀 good shit go౦ԁ sHit👌 thats ✔ some good👌👌shit right👌👌there👌👌👌 right✔there ✔✔if i do ƽaү so my self 💯 i say so 💯 thats what im talking about right there right there (chorus: ʳᶦᵍʰᵗ ᵗʰᵉʳᵉ) mMMMMᎷМ💯 👌👌 👌НO0ОଠOOOOOОଠଠOoooᵒᵒᵒᵒᵒᵒᵒᵒᵒ👌 👌👌 👌 💯 👌 👀 👀 👀 👌👌Good shit"
  },
  {
    "_id": "creepylenny",
    "content": "┬┴┬┴┤ ͜ʖ ͡°) ├┬┴┬┴"
  },
  {
    "_id": "kawaii",
    "content": "(ﾉ◕ヮ◕)ﾉ*:･ﾟ✧"
  },
  {
    "_id": "yeeaah",
    "content": "(•_•) ( •_•)>⌐■-■ (⌐■_■)"
  },
  {
    "_id": "lod",
    "content": "ಠ_ಠ"
  },
  {
    "_id": "orly",
    "content": "﴾͡๏̯͡๏﴿ O'RLY?"
  },
  {
    "_id": "ayy",
    "content": "(☞ﾟ∀ﾟ)☞"
  },
  {
    "_id": "gib",
    "content": "༼ つ ◕_◕ ༽つ"
  },
  {
    "_id": "kawaiidog",
    "content": "(ᵔᴥᵔ)"
  },
  {
    "_id": "fite",
    "content": "(ง'̀-'́)ง"
  },
  {
    "_id": "kawaiimeh",
    "content": " ╮ (. ❛ ᴗ ❛.) ╭"
  },
  {
    "_id": "evilsmiley",
    "content": "“ψ(｀∇´)ψ"
  },
  {
    "_id": "rip",
    "content": "(✖╭╮✖)"
  },
  {
    "_id": "wink",
    "content": "ಠ‿↼"
  }
]
